id;title;content;date
1;Industrial;connect Markets Chief;2019-10-20T21:17:13
2;National Awesome sky blue;Tactics;2019-10-20T15:22:04
3;compress South Georgia and the South Sandwich Islands;compelling mission-critical;2019-10-20T22:36:43
4;Plastic;Car Industrial deliverables;2019-10-21T02:09:34
5;24 hour;overriding;2019-10-20T18:40:19
6;application quantify Unbranded Plastic Tuna;Internal;2019-10-20T15:14:09
7;Highway Ergonomic;moratorium moratorium;2019-10-20T18:07:34
8;withdrawal COM;embrace Developer;2019-10-20T15:15:46
9;hard drive Robust Networked;Poland;2019-10-21T01:22:32
10;Grocery;red;2019-10-20T14:08:18
